City_ID,City,Lat,Lng,Max Temp,Humidity,Cloudiness,Wind Speed,Country,Date
0,sola,-13.8833,167.55,30.37,74,100,0.0,VU,1667876082
1,tiarei,-17.5333,-149.3333,28.01,81,6,3.62,PF,1667876082
2,thompson,55.7435,-97.8558,-21.91,84,0,0.0,CA,1667875630
3,mataura,-46.1927,168.8643,18.6,43,85,1.45,NZ,1667875702
4,la ronge,55.1001,-105.2842,-11.86,79,100,5.14,CA,1667876083
5,port elizabeth,-33.918,25.5701,16.84,90,0,7.2,ZA,1667875519
6,bathsheba,13.2167,-59.5167,28.34,78,75,8.75,BB,1667876084
7,rikitea,-23.1203,-134.9692,23.23,92,100,7.16,PF,1667875680
8,varzea da palma,-17.5981,-44.7308,20.83,68,35,0.7,BR,1667876084
9,vardo,70.3705,31.1107,2.99,81,100,2.06,NO,1667875860
10,ushuaia,-54.8,-68.3,13.81,44,40,4.12,AR,1667876085
11,avarua,-21.2078,-159.775,24.03,69,100,3.6,CK,1667875735
12,zhigansk,66.7697,123.3711,-21.44,92,100,3.28,RU,1667876086
13,albany,42.6001,-73.9662,9.8,57,4,4.65,US,1667875983
14,ucluelet,48.9329,-125.5528,1.16,84,85,5.92,CA,1667876086
15,saskylakh,71.9167,114.0833,-31.01,98,48,2.11,RU,1667875481
16,lebu,-37.6167,-73.65,11.6,87,100,4.69,CL,1667875691
17,kapaa,22.0752,-159.319,26.18,78,89,2.68,US,1667876087
18,faanui,-16.4833,-151.75,26.04,73,17,2.66,PF,1667875854
19,turukhansk,65.8167,87.9833,-7.48,96,100,4.31,RU,1667876088
20,puerto ayora,-0.7393,-90.3518,19.19,86,87,0.89,EC,1667876088
21,bluff,-46.6,168.3333,18.78,75,62,5.76,NZ,1667875593
22,doha,25.2867,51.5333,28.94,76,20,3.6,QA,1667875687
23,butaritari,3.0707,172.7902,26.97,73,17,2.05,KI,1667875720
24,esperance,-33.8667,121.9,16.49,71,100,7.48,AU,1667875764
25,kahului,20.8947,-156.47,29.01,67,40,10.8,US,1667875709
26,hobyo,5.3505,48.5268,26.53,74,29,2.5,SO,1667876090
27,hermanus,-34.4187,19.2345,11.0,86,62,2.86,ZA,1667876090
28,punta arenas,-53.15,-70.9167,10.06,76,0,5.66,CL,1667875704
29,tefe,-3.3542,-64.7114,22.55,98,100,1.64,BR,1667875812
30,grand gaube,-20.0064,57.6608,23.22,77,62,1.34,MU,1667875418
31,tasiilaq,65.6145,-37.6368,-1.44,96,100,2.49,GL,1667875783
32,oytal,42.9057,73.2697,4.6,95,100,1.28,KZ,1667875551
33,port alfred,-33.5906,26.891,17.32,88,100,1.79,ZA,1667875597
34,cape town,-33.9258,18.4232,16.18,88,0,2.06,ZA,1667876081
35,mitu,1.1983,-70.1733,23.96,86,95,0.23,CO,1667876092
36,bambous virieux,-20.3428,57.7575,23.14,78,40,2.57,MU,1667875737
37,hithadhoo,-0.6,73.0833,28.14,75,22,7.89,MV,1667875735
38,shelburne,44.0787,-80.2041,3.5,84,51,5.54,CA,1667875605
39,san patricio,28.017,-97.5169,25.47,86,3,4.73,US,1667875699
40,aquiraz,-3.9014,-38.3911,27.05,76,16,3.48,BR,1667876093
41,luderitz,-26.6481,15.1594,16.4,85,71,3.05,NA,1667875753
42,hilo,19.7297,-155.09,25.62,88,100,0.89,US,1667876094
43,hobart,-42.8794,147.3294,27.35,50,20,4.63,AU,1667875706
44,vidalia,32.2177,-82.4135,22.06,83,0,1.54,US,1667876095
45,sechura,-5.5569,-80.8222,17.38,85,8,5.28,PE,1667876095
46,yabelo,4.8833,38.0833,13.7,84,98,2.69,ET,1667876096
47,axim,4.8699,-2.2405,25.36,86,91,1.39,GH,1667875749
48,mehriz,31.5917,54.4318,7.28,51,0,1.33,IR,1667876096
49,pevek,69.7008,170.3133,-17.58,97,15,0.85,RU,1667875732
50,ribeira grande,38.5167,-28.7,17.65,68,100,1.79,PT,1667875748
51,victoria,22.2855,114.1577,24.03,85,94,4.02,HK,1667875636
52,new norfolk,-42.7826,147.0587,27.16,31,43,1.34,AU,1667875721
53,saint george,37.1041,-113.5841,18.33,37,0,5.14,US,1667875783
54,venkatagiri,13.9667,79.5833,23.26,65,5,2.19,IN,1667876098
55,bredasdorp,-34.5322,20.0403,13.46,90,65,2.44,ZA,1667875676
56,nikolskoye,59.7035,30.7861,3.94,92,100,4.41,RU,1667876098
57,fez,34.0372,-4.9998,13.14,62,0,1.03,MA,1667876099
58,bethel,41.3712,-73.414,15.17,44,0,4.12,US,1667875796
59,wajir,1.7471,40.0573,24.69,77,79,5.2,KE,1667876099
60,tuktoyaktuk,69.4541,-133.0374,-17.0,78,20,4.63,CA,1667875666
61,bilma,18.6853,12.9164,20.08,25,0,4.38,NE,1667876100
62,cidreira,-30.1811,-50.2056,16.56,81,23,5.19,BR,1667875740
63,touros,-5.1989,-35.4608,25.41,75,100,4.43,BR,1667875733
64,palu,-0.8917,119.8707,31.18,64,98,1.67,ID,1667875837
65,arlit,18.7369,7.3853,20.93,22,35,3.46,NE,1667876101
66,yulara,-25.2406,130.9889,34.89,20,93,8.0,AU,1667875742
67,cairns,-16.9167,145.7667,33.37,58,75,5.66,AU,1667875714
68,halifax,44.6453,-63.5724,14.0,65,88,7.72,CA,1667875896
69,qaanaaq,77.484,-69.3632,-18.05,98,100,1.82,GL,1667875710
70,dikson,73.5069,80.5464,-14.32,95,98,3.36,RU,1667875595
71,busselton,-33.65,115.3333,20.2,55,90,2.95,AU,1667875708
72,faya,18.3851,42.4509,14.29,89,1,1.93,SA,1667875773
73,chabahar,25.2919,60.643,26.35,75,2,2.32,IR,1667876103
74,mar del plata,-38.0023,-57.5575,16.04,91,0,6.26,AR,1667875726
75,santiago del estero,-27.7951,-64.2615,24.14,29,92,4.55,AR,1667875890
76,hualmay,-11.0964,-77.6139,17.99,83,12,3.34,PE,1667875655
77,san carlos de bariloche,-41.1456,-71.3082,13.86,58,0,6.17,AR,1667876066
78,christchurch,-43.5333,172.6333,19.11,48,100,4.63,NZ,1667875825
79,portland,45.5234,-122.6762,5.75,92,100,2.24,US,1667875443
80,saint-augustin,51.226,-58.6502,8.67,67,92,11.44,CA,1667876105
81,yellowknife,62.456,-114.3525,-14.69,85,75,1.03,CA,1667875694
82,sawakin,19.1059,37.3321,27.16,80,17,2.1,SD,1667876106
83,vaini,-21.2,-175.2,28.09,69,20,4.12,TO,1667875775
84,half moon bay,37.4636,-122.4286,12.14,79,20,6.17,US,1667876106
85,sept-iles,50.2001,-66.3821,5.24,77,75,8.23,CA,1667875741
86,atuona,-9.8,-139.0333,25.07,71,99,6.72,PF,1667875696
87,east london,-33.0153,27.9116,19.7,85,100,5.88,ZA,1667875553
88,batemans bay,-35.7167,150.1833,20.61,56,0,6.07,AU,1667876108
89,cervo,43.6702,-7.4101,15.39,80,96,6.31,ES,1667875809
90,tessalit,20.1986,1.0114,21.19,19,3,4.16,ML,1667876109
91,paamiut,61.994,-49.6678,-8.43,57,100,3.7,GL,1667876109
92,isangel,-19.55,169.2667,27.06,78,75,6.69,VU,1667875727
93,harnosand,62.6323,17.9379,3.89,82,97,4.16,SE,1667876110
94,clyde river,70.4692,-68.5914,-12.87,66,75,2.06,CA,1667875738
95,jamestown,42.097,-79.2353,6.77,70,0,4.12,US,1667875709
96,zarinsk,53.7074,84.9493,-1.5,80,77,1.42,RU,1667876111
97,souillac,-20.5167,57.5167,23.21,78,40,2.57,MU,1667876111
98,mahebourg,-20.4081,57.7,23.16,78,40,2.57,MU,1667875654
99,hay river,60.8156,-115.7999,-18.01,78,40,3.09,CA,1667875758
100,moussoro,13.6408,16.4901,25.53,21,15,4.84,TD,1667876112
101,beloha,-25.1667,45.05,22.37,82,6,1.62,MG,1667876113
102,karratha,-20.7377,116.8463,26.75,30,0,5.93,AU,1667875749
103,praya,14.9215,-23.5087,25.3,53,0,3.09,CV,1667875835
104,basoko,1.2391,23.616,20.99,97,100,0.71,CD,1667876114
105,plymouth,41.8334,-70.8328,16.09,31,0,5.66,US,1667875910
106,kieta,-6.2167,155.6333,28.45,80,67,4.25,PG,1667876114
107,airai,-8.9266,125.4092,24.76,53,74,0.29,TL,1667875737
108,hoshcha,50.6003,26.6744,6.1,93,19,2.75,UA,1667876115
109,san jose,37.3394,-121.895,12.06,77,75,4.12,US,1667875944
110,hasaki,35.7333,140.8333,19.22,51,0,5.4,JP,1667875717
111,zerbst,51.9667,12.0833,9.39,83,56,3.91,DE,1667876116
112,juneau,58.3019,-134.4197,-2.66,73,20,0.0,US,1667875935
113,olinda,-8.0089,-34.8553,26.85,74,40,1.03,BR,1667875981
114,lagoa,39.05,-27.9833,17.07,69,100,7.8,PT,1667876117
115,marzuq,14.4,46.4667,17.61,72,0,1.53,YE,1667876117
116,skjervoy,70.0311,20.9714,3.0,74,16,3.67,NO,1667876118
117,rey bouba,8.6724,14.1786,22.9,47,100,1.17,CM,1667875778
118,rio gallegos,-51.6226,-69.2181,16.03,48,20,5.14,AR,1667876119
119,constitucion,-35.3333,-72.4167,12.91,77,99,3.72,CL,1667875689
120,haines junction,60.7522,-137.5108,-23.03,77,97,0.51,CA,1667876119
121,fortuna,40.5982,-124.1573,7.19,94,98,1.79,US,1667875821
122,chala,-7.5833,31.2667,14.96,89,100,1.26,TZ,1667876120
123,kodiak,57.79,-152.4072,1.73,93,100,4.63,US,1667875728
124,kabansk,52.0486,106.6528,-0.02,88,100,2.71,RU,1667876121
125,chokurdakh,70.6333,147.9167,-23.83,97,62,5.06,RU,1667875698
126,saint-philippe,-21.3585,55.7679,23.77,77,14,3.33,RE,1667875705
127,ust-uda,54.1742,103.0304,-3.07,70,100,3.5,RU,1667875869
128,izhma,65.0083,53.9113,-0.64,98,100,2.74,RU,1667876122
129,sterling,39.0062,-77.4286,17.93,41,0,5.36,US,1667875897
130,pangoa,-12.1167,-73.0,21.68,70,100,1.52,PE,1667876122
131,tiksi,71.6872,128.8694,-17.47,91,100,7.7,RU,1667875718
132,geraldton,-28.7667,114.6,22.23,53,75,6.69,AU,1667875778
133,huilong,31.8111,121.655,20.52,59,0,4.34,CN,1667875500
134,kendari,-3.945,122.4989,32.4,55,96,1.02,ID,1667876123
135,villarrica,-25.75,-56.4333,16.15,67,31,1.89,PY,1667876124
136,codrington,-38.2667,141.9667,24.56,59,6,4.64,AU,1667875594
137,touba,8.2833,-7.6833,21.76,80,77,0.76,CI,1667876124
138,provideniya,64.3833,-173.3,0.2,86,100,8.05,RU,1667875696
139,lompoc,34.6391,-120.4579,12.23,92,0,1.54,US,1667875708
140,bandarbeyla,9.4942,50.8122,25.48,76,4,1.13,SO,1667875472
141,norman wells,65.282,-126.8329,-16.98,78,20,3.09,CA,1667875730
142,yar-sale,66.8333,70.8333,-5.54,97,100,1.72,RU,1667875699
143,chicama,-7.8447,-79.1469,16.3,82,13,2.32,PE,1667876126
144,fairbanks,64.8378,-147.7164,-7.1,76,40,0.0,US,1667875853
145,khatanga,71.9667,102.5,-13.74,96,100,1.46,RU,1667875728
146,richards bay,-28.783,32.0377,21.34,95,97,2.11,ZA,1667875797
147,jhudo,24.964,69.2968,23.96,37,0,3.01,PK,1667876127
148,cabo san lucas,22.8909,-109.9124,23.61,73,0,2.24,MX,1667875836
149,suntar,62.1444,117.6319,-7.89,94,100,1.3,RU,1667876128
150,bachaquero,9.9694,-71.1494,26.24,85,95,2.92,VE,1667876128
151,itarema,-2.9248,-39.9167,26.01,71,19,5.84,BR,1667875831
152,husavik,66.0449,-17.3389,4.26,93,100,5.84,IS,1667875772
153,kaitangata,-46.2817,169.8464,14.98,69,100,2.78,NZ,1667875809
154,makakilo city,21.3469,-158.0858,28.18,60,20,8.75,US,1667875798
155,ostrovnoy,68.0531,39.5131,-2.73,97,65,2.29,RU,1667876129
156,port-gentil,-0.7193,8.7815,25.84,85,100,4.11,GA,1667875710
157,chuy,-33.6971,-53.4616,14.29,86,11,3.52,UY,1667875724
158,barrow,71.2906,-156.7887,-3.99,80,100,10.8,US,1667875714
159,hofn,64.2539,-15.2082,6.27,92,100,11.05,IS,1667876130
160,najran,17.4924,44.1277,14.36,33,0,1.81,SA,1667875731
161,moranbah,-22.0016,148.0466,29.89,30,1,4.83,AU,1667876131
162,port hardy,50.6996,-127.4199,1.1,55,20,8.75,CA,1667875799
163,vanimo,-2.6741,141.3028,28.11,80,100,0.75,PG,1667875825
164,kaduy,59.2,37.15,0.22,97,100,3.08,RU,1667876132
165,trelew,-43.249,-65.3051,18.67,54,100,4.84,AR,1667875840
166,mnogovershinnyy,53.9353,139.9242,-6.8,82,94,3.79,RU,1667876133
167,oranjestad,12.524,-70.027,26.97,97,20,3.09,AW,1667876133
168,podgornoye,51.735,39.1496,3.12,81,0,2.0,RU,1667876134
169,longyearbyen,78.2186,15.6401,-5.09,80,75,5.66,SJ,1667875786
170,constantine,36.365,6.6147,9.67,57,0,3.09,DZ,1667876134
171,porto novo,6.4965,2.6036,27.9,89,68,1.31,BJ,1667876135
172,rodrigues alves,-7.738,-72.6509,23.59,63,57,1.13,BR,1667876135
173,roald,62.5833,6.1333,8.75,87,21,4.63,NO,1667875469
174,nantucket,41.2835,-70.0995,18.08,65,0,5.66,US,1667875944
175,yenotayevka,47.2456,47.0281,2.07,79,100,3.51,RU,1667876136
176,torbay,47.6666,-52.7314,14.86,96,100,10.8,CA,1667875746
177,fort wellington,6.4,-57.6,24.44,91,100,2.07,GY,1667876136
178,ladario,-19.0047,-57.6017,22.74,33,33,1.48,BR,1667876137
179,bukama,-9.2,25.85,19.55,90,99,1.47,CD,1667876137
180,marawi,7.9986,124.2928,27.99,64,76,1.49,PH,1667876138
181,san jeronimo,-11.9472,-75.2829,9.0,89,100,0.8,PE,1667876138
182,gamba,-2.65,10.0,24.62,91,61,2.87,GA,1667876139
183,evensk,61.95,159.2333,-7.17,76,100,0.68,RU,1667875467
184,salekhard,66.53,66.6019,-9.1,93,92,1.97,RU,1667876140
185,upernavik,72.7868,-56.1549,-14.61,88,80,2.93,GL,1667875788
186,turan,16.0678,108.2208,26.99,61,75,1.03,VN,1667876140
187,georgetown,5.4112,100.3354,29.96,76,20,2.24,MY,1667875698
188,namatanai,-3.6667,152.4333,28.75,73,99,3.21,PG,1667876141
189,sile,41.1754,29.6133,11.43,67,25,2.64,TR,1667876141
190,cabra,37.4725,-4.4421,12.05,69,37,0.56,ES,1667875764
191,moroto,2.5345,34.6666,19.99,68,100,2.91,UG,1667876142
192,mount isa,-20.7333,139.5,35.87,16,0,3.6,AU,1667875700
193,opuwo,-18.0607,13.84,16.14,43,0,0.92,NA,1667876142
194,luang prabang,19.8856,102.1347,19.98,73,20,0.0,LA,1667876143
195,stornoway,58.2093,-6.3865,11.98,94,75,6.69,GB,1667876143
196,kuytun,54.3419,101.5036,-3.94,81,100,3.0,RU,1667876144
197,los llanos de aridane,28.6585,-17.9182,17.86,43,0,4.63,ES,1667875816
198,kavaratti,10.5669,72.642,27.47,73,1,2.45,IN,1667875817
199,ambon,-3.6954,128.1814,32.08,66,40,3.6,ID,1667876144
200,ulladulla,-35.35,150.4667,21.24,56,3,6.72,AU,1667875779
201,severo-kurilsk,50.6789,156.125,4.48,74,84,7.89,RU,1667875776
202,cabedelo,-6.9811,-34.8339,25.37,76,67,3.11,BR,1667876145
203,cockburn town,21.4612,-71.1419,26.88,72,22,2.58,TC,1667875624
204,maragogi,-9.0122,-35.2225,23.86,85,11,1.1,BR,1667875755
205,ixtapa,20.7,-105.2,21.83,93,36,1.11,MX,1667876084
206,mecca,21.4267,39.8261,23.94,66,0,0.67,SA,1667875929
207,naberera,-4.2,36.9333,17.48,83,99,3.19,TZ,1667876146
208,togur,58.3631,82.8265,-6.31,98,97,0.96,RU,1667876147
209,vila franca do campo,37.7167,-25.4333,15.23,76,100,3.19,PT,1667876147
210,labuhan,-6.8844,112.2051,29.93,64,86,0.8,ID,1667875491
211,saldanha,-33.0117,17.9442,15.71,85,76,3.4,ZA,1667875730
212,yumen,40.2833,97.2,7.48,26,79,4.15,CN,1667876148
213,kurkino,53.4257,38.6582,2.59,79,100,4.66,RU,1667876149
214,jalu,29.0331,21.5482,16.38,83,0,3.95,LY,1667875699
215,killybegs,54.6333,-8.45,9.45,85,46,9.41,IE,1667876150
216,batticaloa,7.7102,81.6924,26.4,80,100,2.77,LK,1667876150
217,necochea,-38.5473,-58.7368,15.26,58,0,7.78,AR,1667876150
218,tocopilla,-22.092,-70.1979,17.21,72,4,0.82,CL,1667876151
219,salina,38.8403,-97.6114,11.28,50,75,5.14,US,1667876152
220,danielskuil,-28.1887,23.5395,13.98,83,98,2.02,ZA,1667876152
221,nhlangano,-27.1167,31.2,16.92,96,99,1.63,SZ,1667876152
222,sao jose da coroa grande,-8.8978,-35.1478,24.13,83,9,1.12,BR,1667876153
223,aksarka,66.5606,67.7975,-8.66,98,96,1.73,RU,1667876153
224,camacha,33.0833,-16.3333,17.68,94,40,1.03,PT,1667875781
225,lazaro cardenas,17.9583,-102.2,25.45,85,1,1.07,MX,1667876154
226,kungurtug,50.5994,97.5228,-1.78,69,97,0.33,RU,1667876154
227,mangrol,21.1167,70.1167,25.56,59,0,4.61,IN,1667876155
228,iqaluit,63.7506,-68.5145,-8.15,67,75,1.54,CA,1667875701
229,guayaramerin,-10.8368,-65.3614,24.24,48,22,0.14,BO,1667876155
230,bengkulu,-3.8004,102.2655,25.44,83,100,1.26,ID,1667875706
231,meulaboh,4.1363,96.1285,28.02,73,92,0.42,ID,1667876156
232,ilulissat,69.2167,-51.1,-22.71,88,14,2.82,GL,1667875753
233,ko samui,9.5357,99.9357,27.95,83,20,0.51,TH,1667876157
234,dingle,10.9995,122.6711,29.84,75,97,3.9,PH,1667875817
235,tarauaca,-8.1614,-70.7656,24.07,58,45,0.87,BR,1667876127
236,taoudenni,22.6783,-3.9836,21.94,20,35,4.27,ML,1667876158
237,chapeco,-27.0964,-52.6183,15.86,63,0,7.2,BR,1667876158
238,eureka,40.8021,-124.1637,7.34,90,100,4.02,US,1667875685
239,carnarvon,-24.8667,113.6333,21.69,55,5,6.28,AU,1667875612
240,naze,28.3667,129.4833,22.51,58,6,3.93,JP,1667876159
241,sao joao da barra,-21.6403,-41.0511,20.68,75,100,1.51,BR,1667875731
242,katsuura,35.1333,140.3,18.71,61,0,4.39,JP,1667875812
243,kayerkan,69.3497,87.7602,-23.24,100,96,1.87,RU,1667875859
244,adjumani,3.3779,31.7909,19.43,96,100,0.49,UG,1667876160
245,laramie,41.3114,-105.5911,6.72,52,43,0.45,US,1667876161
246,pahrump,36.2083,-115.9839,16.4,54,95,2.24,US,1667876161
247,aklavik,68.2191,-135.0107,-17.37,85,100,4.84,CA,1667875745
248,baghdad,33.3406,44.4009,13.95,38,0,1.54,IQ,1667876162
249,mersing,2.4312,103.8405,26.95,94,40,0.51,MY,1667876162
250,banda aceh,5.5577,95.3222,28.51,68,100,3.57,ID,1667875642
251,dzialdowo,53.2396,20.17,6.39,94,80,3.67,PL,1667876163
252,port hedland,-20.3167,118.5667,28.03,39,0,10.29,AU,1667875812
253,tiznit,29.5833,-9.5,20.41,22,97,2.52,MA,1667875795
254,werda,-25.2667,23.2833,16.36,91,98,3.1,BW,1667876164
255,ouadda,8.0777,22.4007,21.47,73,96,1.39,CF,1667876164
256,narasannapeta,18.4167,84.05,24.9,73,39,2.45,IN,1667876165
257,ust-koksa,50.2696,85.6108,2.87,100,100,1.02,RU,1667876165
258,ekibastuz,51.6667,75.3667,-2.57,78,100,1.85,KZ,1667876165
259,klaksvik,62.2266,-6.589,9.51,92,100,16.81,FO,1667875805
260,durazno,-33.4131,-56.5006,10.95,90,0,3.88,UY,1667875711
261,dukat,62.55,155.55,-18.26,85,71,1.24,RU,1667876166
262,lisakovsk,52.5369,62.4936,-8.08,95,82,1.98,KZ,1667876167
263,nova olimpia,-14.7972,-57.2881,22.15,36,0,0.74,BR,1667876167
264,kaeo,-35.1,173.7833,17.96,90,99,4.7,NZ,1667875431
265,jinchang,38.4953,102.1739,7.3,31,19,0.93,CN,1667876168
266,atar,20.5169,-13.0499,25.34,18,98,1.61,MR,1667875708
267,kralendijk,12.15,-68.2667,28.42,77,100,5.77,BQ,1667876169
268,vigia del fuerte,6.5789,-76.8863,22.45,98,96,0.73,CO,1667876169
269,northam,51.0333,-4.2167,11.25,96,39,9.11,GB,1667876170
270,jodhpur,26.2867,73.03,26.33,28,6,1.35,IN,1667876170
271,guia de isora,28.2115,-16.7795,18.32,57,24,1.46,ES,1667876170
272,jaguarari,-10.2639,-40.1958,19.96,81,39,3.79,BR,1667876171
273,coihaique,-45.5752,-72.0662,12.34,87,0,3.09,CL,1667875471
274,pringsewu,-5.3582,104.9744,29.75,65,100,0.29,ID,1667876171
275,paita,-5.0892,-81.1144,17.28,86,10,5.13,PE,1667876172
276,nome,64.5011,-165.4064,1.04,100,100,13.89,US,1667875752
277,bandar-e lengeh,26.5579,54.8807,24.06,69,34,2.06,IR,1667876172
278,lang son,21.8333,106.7333,25.9,54,0,0.79,VN,1667876173
279,castro,-24.7911,-50.0119,9.12,98,3,2.24,BR,1667875739
280,boa vista,2.8197,-60.6733,25.99,83,40,1.54,BR,1667876174
281,woodstock,43.1334,-80.7497,4.48,69,4,3.58,CA,1667876036
282,mackenzie,55.2999,-123.1698,-15.88,51,100,5.66,CA,1667876108
283,miyako,39.6367,141.9525,15.1,62,68,1.46,JP,1667876175
284,safranbolu,41.2508,32.6942,10.9,85,100,0.8,TR,1667876175
285,north bay,46.3168,-79.4663,6.17,60,75,3.6,CA,1667876038
286,hamina,60.5697,27.1979,6.6,93,100,9.04,FI,1667876176
287,hamilton,39.1834,-84.5333,13.47,37,100,5.14,US,1667875586
288,russell,32.3502,-85.1999,22.78,72,52,1.98,US,1667876177
289,tahara,34.6667,137.2667,18.97,50,0,9.36,JP,1667876177
290,sucua,-2.4667,-78.1667,20.55,92,63,1.01,EC,1667876178
291,arraial do cabo,-22.9661,-42.0278,19.79,81,100,2.47,BR,1667876178
292,yenagoa,4.9247,6.2642,24.59,89,100,1.53,NG,1667876179
293,te anau,-45.4167,167.7167,18.2,52,42,3.26,NZ,1667875808
294,torbat-e jam,35.244,60.6225,5.56,82,100,3.55,IR,1667876180
295,mount gambier,-37.8333,140.7667,26.76,36,0,1.2,AU,1667875492
296,cherskiy,68.75,161.3,-20.94,99,39,1.7,RU,1667875649
297,karauli,26.5,77.0167,24.92,41,34,1.3,IN,1667876180
298,strezhevoy,60.7333,77.5889,-4.15,93,100,3.51,RU,1667875730
299,kijang,35.2442,129.2139,17.85,37,0,1.06,KR,1667876181
300,udachnyy,66.4167,112.4,-22.55,100,95,1.21,RU,1667875782
301,beringovskiy,63.05,179.3167,-2.5,95,100,6.48,RU,1667875715
302,comodoro rivadavia,-45.8667,-67.5,21.92,40,0,3.6,AR,1667875806
303,ingham,42.6,-84.3833,5.06,65,0,2.06,US,1667876182
304,tari,12.4086,4.4914,22.93,22,23,4.15,NG,1667876183
305,chimoio,-19.1164,33.4833,19.52,91,99,1.05,MZ,1667876183
306,nishihara,26.1842,127.7558,25.81,69,75,6.17,JP,1667876184
307,tuatapere,-46.1333,167.6833,19.07,52,68,2.86,NZ,1667875824
308,harper,4.375,-7.7169,25.46,85,100,2.56,LR,1667876015
309,waingapu,-9.6567,120.2641,30.87,62,86,3.98,ID,1667875858
310,camana,-16.6228,-72.7111,17.78,79,0,3.18,PE,1667875864
311,lunglei,22.8833,92.7333,22.47,52,0,0.49,IN,1667876185
312,tabas,33.5959,56.9244,14.12,35,0,3.09,IR,1667876185
313,sorong,-0.8833,131.25,28.19,76,100,3.05,ID,1667875933
314,marsh harbour,26.5412,-77.0636,26.05,71,0,12.86,BS,1667875689
315,yamasaki,35.0,134.55,20.19,46,0,2.6,JP,1667876186
316,pangnirtung,66.1451,-65.7125,-14.64,61,64,2.72,CA,1667875822
317,anloga,5.7947,0.8973,27.03,80,29,1.88,GH,1667876187
318,ivrea,45.4672,7.8762,11.61,72,100,1.35,IT,1667876187
319,kuching,1.55,110.3333,30.12,70,40,1.54,MY,1667876188
320,teguise,29.0605,-13.564,16.12,88,3,3.09,ES,1667875586
321,monte patria,-30.6919,-70.9467,18.55,62,97,1.35,CL,1667876188
322,northallerton,54.339,-1.4324,12.42,90,75,6.17,GB,1667876189
323,seymchan,62.8833,152.4333,-16.89,97,82,0.47,RU,1667876189
324,lengshuijiang,27.6881,111.4294,24.83,40,0,1.4,CN,1667876189
325,asau,46.4333,26.4,4.6,85,100,1.39,RO,1667875777
326,rusape,-18.5278,32.1284,16.23,84,90,0.83,ZW,1667876190
327,tombouctou,20.0,-3.0,20.74,16,0,3.98,ML,1667876191
328,freetown,8.484,-13.2299,25.01,78,86,1.13,SL,1667875951
329,broome,42.2506,-75.833,8.72,66,0,5.66,US,1667875698
330,port blair,11.6667,92.75,27.02,83,100,2.06,IN,1667875759
331,vasteras,59.6162,16.5528,7.95,81,100,5.14,SE,1667876191
332,ghanzi,-21.5667,21.7833,16.13,90,0,3.04,BW,1667876192
333,angoche,-16.2325,39.9086,23.37,88,2,3.8,MZ,1667876192
334,tura,25.5198,90.2201,23.58,64,1,0.57,IN,1667876193
335,chignahuapan,19.8333,-98.0333,12.06,90,95,2.44,MX,1667876193
336,gat,31.61,34.7642,18.77,100,14,4.77,IL,1667875846
337,ponta do sol,32.6667,-17.1,20.4,84,66,1.52,PT,1667875734
338,yerofey pavlovich,53.9667,121.9667,-5.96,84,100,1.0,RU,1667876194
339,phonhong,18.5007,102.4166,27.02,59,1,0.72,LA,1667876194
340,saint-francois,46.4154,3.9054,5.69,93,0,1.03,FR,1667875782
341,aksu,41.1231,80.2644,9.09,34,72,1.15,CN,1667876195
342,rio verde de mato grosso,-18.9181,-54.8442,22.46,39,9,2.59,BR,1667876196
343,ukiah,39.1502,-123.2078,7.31,95,100,1.55,US,1667876196
344,zhangjiakou,40.81,114.8794,7.2,21,3,0.87,CN,1667875829
345,plettenberg bay,-34.0527,23.3716,14.88,71,0,2.61,ZA,1667876197
346,lodja,-3.4833,23.4333,19.94,96,100,0.46,CD,1667876197
347,lasa,46.6166,10.7002,6.18,54,52,0.7,IT,1667875598
348,nouadhibou,20.931,-17.0347,19.99,77,7,4.12,MR,1667875429
349,niquero,20.0431,-77.5828,24.65,84,1,5.48,CU,1667876198
350,alice springs,-23.7,133.8833,35.75,15,62,5.14,AU,1667875858
351,rudbar,30.15,62.6,19.75,32,43,1.61,AF,1667876199
352,pouebo,-20.4,164.5667,26.28,78,99,4.06,NC,1667876199
353,vanavara,60.34,102.2797,-7.69,88,99,4.43,RU,1667875723
354,leningradskiy,69.3833,178.4167,-8.21,89,100,3.94,RU,1667875701
355,mariental,-24.6333,17.9667,16.43,74,3,2.76,NA,1667876200
356,mahibadhoo,3.7833,72.9667,27.79,71,6,4.42,MV,1667876200
357,jhajjar,28.6063,76.6565,22.06,51,21,1.34,IN,1667876201
358,dzerzhinsk,56.2389,43.4631,0.9,100,100,4.0,RU,1667875869
359,liberal,37.0431,-100.921,10.58,90,97,6.11,US,1667876201
360,pisco,-13.7,-76.2167,17.03,82,0,4.12,PE,1667876202
361,ancud,-41.8697,-73.8203,12.04,94,99,1.36,CL,1667875861
362,hokitika,-42.7167,170.9667,16.22,67,11,2.91,NZ,1667876203
363,adrar,20.5022,-10.0711,22.94,17,5,4.2,MR,1667875753
364,cam ranh,11.9214,109.1591,29.98,54,20,5.66,VN,1667875907
365,mandiana,10.6333,-8.6833,25.07,44,78,1.99,GN,1667876204
366,berea,41.3662,-81.8543,9.22,67,25,3.58,US,1667876204
367,sidi ali,36.0998,0.4206,17.44,68,3,1.03,DZ,1667876205
368,padang,-0.9492,100.3543,27.03,74,100,1.12,ID,1667876205
369,curup,-3.4667,102.5333,24.58,76,100,0.62,ID,1667876206
370,floro,61.5996,5.0328,7.98,76,45,6.17,NO,1667876206
371,krasnoselkup,65.7,82.4667,-5.58,96,100,2.8,RU,1667875764
372,flinders,-34.5833,150.8552,23.36,63,50,4.81,AU,1667875772
373,srednekolymsk,67.45,153.6833,-16.85,97,100,4.63,RU,1667875829
374,sinnamary,5.3833,-52.95,25.0,89,100,2.92,GF,1667876207
375,almenara,-16.1836,-40.6944,18.73,88,100,1.14,BR,1667876208
376,koutiala,12.3917,-5.4642,22.71,21,21,3.45,ML,1667876208
377,kamenka,51.3223,42.7678,-0.06,84,74,2.63,RU,1667875859
378,timizart,36.8,4.2667,16.92,37,0,2.97,DZ,1667876209
379,tuy hoa,13.0833,109.3,26.18,76,100,5.61,VN,1667876209
380,petropavlovka,50.6114,105.3196,1.89,59,99,1.03,RU,1667876210
381,greencastle,39.6445,-86.8647,10.76,57,0,4.12,US,1667876064
382,sao felix do xingu,-6.6447,-51.995,21.87,97,99,0.53,BR,1667876210
383,wuwei,37.9281,102.6414,8.55,31,8,2.15,CN,1667876211
384,tirumullaivasal,11.2333,79.8333,25.5,87,100,5.32,IN,1667876211
385,augusto correa,-1.0217,-46.635,23.42,96,100,1.34,BR,1667876212
386,sistranda,63.7256,8.834,4.98,73,100,3.75,NO,1667875789
387,birao,10.2849,22.7882,25.07,28,93,1.08,CF,1667875833
388,bay roberts,47.5999,-53.2648,15.28,95,100,4.92,CA,1667876213
389,fort-shevchenko,44.5086,50.263,3.23,77,37,5.63,KZ,1667876213
390,burns lake,54.2331,-125.7533,-15.32,68,100,4.72,CA,1667876214
391,verkhoyansk,67.5447,133.385,-17.29,96,100,1.1,RU,1667876214
392,talnakh,69.4865,88.3972,-22.38,100,90,2.56,RU,1667875476
393,catia la mar,10.6038,-67.0303,26.56,86,84,2.11,VE,1667876215
394,cururupu,-1.8283,-44.8683,24.55,90,86,1.83,BR,1667876215
395,roma,43.2128,-75.4557,7.75,65,5,5.36,US,1667876215
396,berlevag,70.8578,29.0864,0.0,93,75,4.12,NO,1667876216
397,ibra,22.6906,58.5334,22.2,67,40,1.04,OM,1667875833
398,kasempa,-13.4584,25.8338,15.93,96,98,1.67,ZM,1667876216
399,kongolo,-5.3833,27.0,20.42,97,100,0.85,CD,1667876217
400,kingman,35.1894,-114.053,17.71,54,65,4.02,US,1667876217
401,bowen,-20.0167,148.2333,27.02,57,0,8.4,AU,1667875928
402,minggang,32.4586,114.0486,19.71,40,58,3.09,CN,1667876218
403,kyshtym,55.714,60.5528,-2.12,88,100,4.32,RU,1667876218
404,margate,51.3813,1.3862,15.5,78,99,4.92,GB,1667876219
405,san cristobal,7.7669,-72.225,19.1,95,100,1.06,VE,1667875729
406,krasnoyarka,55.3333,73.1167,-2.03,94,100,0.97,RU,1667875769
407,sao miguel do araguaia,-13.275,-50.1628,24.18,67,57,1.77,BR,1667875986
408,port lincoln,-34.7333,135.8667,26.75,43,100,6.08,AU,1667875826
409,bac lieu,9.285,105.7244,27.91,75,100,1.77,VN,1667876220
410,takoradi,4.8845,-1.7554,25.64,85,100,1.9,GH,1667875878
411,katobu,-4.9408,122.5276,32.36,54,99,0.18,ID,1667875703
412,havre-saint-pierre,50.2334,-63.5986,5.0,93,40,9.77,CA,1667876221
413,vilcun,-38.65,-72.2333,12.41,79,81,0.54,CL,1667876221
414,ati,13.2154,18.3353,26.54,20,16,5.28,TD,1667876222
415,oktyabrskiy,54.4815,53.471,-3.65,96,97,2.5,RU,1667876222
416,monteagudo,-19.8167,-63.9833,21.02,39,100,1.18,BO,1667876223
417,egvekinot,66.3167,-179.1667,-6.82,84,100,7.43,RU,1667876223
418,hami,42.8,93.45,10.83,24,100,0.89,CN,1667876171
419,birobidzhan,48.8,132.95,2.91,46,100,2.76,RU,1667875925
420,magadi,12.9667,77.2333,22.09,80,4,3.76,IN,1667876224
421,puerto del rosario,28.5004,-13.8627,21.86,83,100,5.14,ES,1667875831
422,dunedin,-45.8742,170.5036,15.5,71,85,4.49,NZ,1667875592
423,narsaq,60.9167,-46.05,-0.88,74,100,3.27,GL,1667875777
424,bulgan,48.8125,103.5347,3.94,43,57,2.02,MN,1667876225
425,ulaanbaatar,47.9077,106.8832,-6.93,68,2,1.0,MN,1667876061
426,riyadh,24.6877,46.7219,18.08,55,0,2.4,SA,1667875802
427,oron,4.8256,8.2343,24.57,90,100,1.34,NG,1667876226
428,filingue,14.3521,3.3168,23.41,15,26,3.76,NE,1667876226
429,quatre cocos,-20.2078,57.7625,23.06,74,75,5.11,MU,1667875546
430,olafsvik,64.8945,-23.7142,5.96,74,100,8.37,IS,1667876227
431,rawson,-43.3002,-65.1023,16.44,69,100,3.61,AR,1667875838
432,pittsburg,38.028,-121.8847,12.23,67,100,1.34,US,1667876228
433,uyuni,-20.4597,-66.825,6.29,68,3,4.97,BO,1667876228
434,vila,42.0304,-8.1588,10.49,89,92,4.1,PT,1667876229
435,sa kaeo,13.75,102.3333,27.59,54,75,3.93,TH,1667876229
436,abu zabad,12.35,29.25,22.02,22,78,3.98,SD,1667876230
437,son la,21.3167,103.9,22.73,61,0,1.42,VN,1667876230
438,lwowek slaski,51.1107,15.5858,11.08,90,42,3.13,PL,1667876231
439,okha,53.5739,142.9478,-2.59,60,98,9.4,RU,1667876231
440,korla,41.7597,86.1469,10.13,34,9,1.73,CN,1667876231
441,tevaitoa,-16.7833,-151.5,25.76,75,21,3.2,PF,1667875789
442,bereda,43.2686,-7.5406,13.56,100,99,3.6,ES,1667876233
443,leh,34.1667,77.5833,-2.29,69,65,1.61,IN,1667876233
444,goldap,54.3063,22.3036,7.39,91,100,4.6,PL,1667876115
445,tairua,-37.0167,175.85,15.38,91,100,6.91,NZ,1667876234
446,sitka,57.0531,-135.33,0.94,32,0,0.0,US,1667875763
447,tateyama,34.9833,139.8667,18.79,49,0,5.76,JP,1667876234
448,mananara,-16.1667,49.7667,21.86,86,50,0.52,MG,1667876235
449,tabou,4.423,-7.3528,25.58,84,90,2.48,CI,1667876235
450,trincomalee,8.5711,81.2335,26.73,76,100,3.86,LK,1667876236
451,cap-aux-meules,47.3821,-61.8597,10.03,66,40,11.83,CA,1667876236
452,yaguajay,22.3272,-79.2378,24.62,77,6,4.48,CU,1667876236
453,namibe,-15.1961,12.1522,19.78,76,0,3.09,AO,1667875511
454,mahanoro,-19.9,48.8,21.26,83,82,1.94,MG,1667876237
455,belvedere marittimo,39.6179,15.8617,15.49,75,1,1.04,IT,1667876238
456,kalinagar,28.6167,80.1,21.43,72,0,1.68,IN,1667876238
457,lamu,-2.2717,40.902,25.19,87,32,4.03,KE,1667876239
458,chilakalurupet,16.0833,80.1667,23.99,75,16,1.72,IN,1667876239
459,palmer,42.1584,-72.3287,12.36,39,0,4.63,US,1667875971
460,vysha,53.8477,42.3777,0.96,89,100,2.89,RU,1667876240
461,villa rica,33.7321,-84.9191,21.88,95,1,2.18,US,1667875961
462,lima,-12.0432,-77.0282,17.72,79,0,4.12,PE,1667875977
463,ganta,7.3022,-8.5308,20.41,97,86,0.67,LR,1667876241
464,inhambane,-23.865,35.3833,24.25,86,27,3.63,MZ,1667876241
465,pitimbu,-7.4706,-34.8086,25.33,75,15,2.38,BR,1667876242
466,bubaque,11.2833,-15.8333,28.72,63,76,5.89,GW,1667876242
467,naples,40.8333,14.25,15.63,83,0,1.34,IT,1667876194
468,kamaishi,39.2667,141.8833,15.16,61,74,0.75,JP,1667875750
469,kavieng,-2.5744,150.7967,28.79,70,100,2.16,PG,1667875799
470,avera,33.194,-82.5271,19.73,74,3,2.57,US,1667875770
471,samarai,-10.6167,150.6667,29.01,69,27,3.99,PG,1667875852
472,mayumba,-3.432,10.6554,24.81,90,46,2.15,GA,1667876244
473,rocha,-34.4833,-54.3333,11.54,95,0,2.26,UY,1667875862
474,tonj,7.2737,28.6822,23.48,70,100,1.03,SS,1667876244
475,solginskiy,61.05,41.3428,1.77,93,100,4.01,RU,1667876245
476,kedrovyy,56.1667,91.8167,-2.77,91,95,2.16,RU,1667876245
477,tazovskiy,67.4667,78.7,-7.97,96,100,4.02,RU,1667876246
478,manicore,-5.8092,-61.3003,23.46,93,77,1.15,BR,1667876246
479,denia,38.8408,0.1057,18.25,83,18,0.89,ES,1667876246
480,amberley,39.2048,-84.428,12.83,38,100,0.89,US,1667876247
481,xuddur,4.1213,43.8894,21.16,92,54,3.32,SO,1667876247
482,dakoro,14.5106,6.765,22.41,17,14,4.27,NE,1667876248
483,kalispell,48.1958,-114.3129,-16.52,95,42,1.58,US,1667876248
484,porto torres,40.835,8.3972,13.1,81,35,2.88,IT,1667876249
485,wyndham,37.6985,-77.6125,17.64,67,0,0.45,US,1667876249
486,calbuco,-41.768,-73.1273,15.56,94,100,0.58,CL,1667876249
487,hambantota,6.1241,81.1185,24.19,100,75,1.03,LK,1667876250
488,honiara,-9.4333,159.95,29.53,74,40,3.34,SB,1667875855
489,chara,56.9064,118.2631,-7.91,95,100,0.59,RU,1667876250
490,voiron,45.3639,5.5921,11.17,81,100,0.45,FR,1667876251
491,howard,39.2504,-76.933,18.23,46,14,0.89,US,1667876251
492,ogdensburg,44.6942,-75.4863,7.56,52,0,5.14,US,1667876252
493,trebinje,42.7119,18.3442,11.2,76,0,2.57,BA,1667876252
494,mgandu,-5.95,34.1333,18.08,78,94,3.23,TZ,1667876253
495,ngunguru,-35.6167,174.5,15.92,98,100,8.82,NZ,1667876253
496,teahupoo,-17.8333,-149.2667,24.98,83,28,4.87,PF,1667876254
497,serpa,37.9458,-7.5975,15.98,96,98,2.98,PT,1667876254
498,moron,-34.6534,-58.6198,21.86,59,0,4.37,AR,1667875633
499,shieli,44.1667,66.75,4.95,82,99,4.21,KZ,1667875868
500,khasan,42.4308,130.6434,10.05,34,1,5.23,RU,1667876255
501,rubtsovsk,51.5,81.25,-1.79,73,72,2.14,RU,1667876194
502,okhotsk,59.3833,143.3,-13.03,62,5,9.3,RU,1667876256
503,sur,22.5667,59.5289,27.41,57,96,2.75,OM,1667876256
504,nizhniy tsasuchey,50.5167,115.1333,4.34,38,99,2.92,RU,1667876257
505,belmonte,-15.8631,-38.8828,21.57,78,99,2.83,BR,1667876257
506,uribia,11.7139,-72.266,26.43,80,100,2.98,CO,1667876257
507,kasongo-lunda,-6.4667,16.8167,20.57,99,100,0.31,CD,1667876258
508,tungor,53.3808,142.9564,-3.05,58,70,7.91,RU,1667876258
509,mapiripan,2.8892,-72.1256,24.33,81,94,1.0,CO,1667876259
510,roebourne,-20.7833,117.1333,27.66,28,0,5.48,AU,1667875876
511,sioux lookout,50.1001,-91.917,-1.96,93,100,0.0,CA,1667876259
512,komsomolets,53.7453,62.0708,-6.64,94,83,2.56,KZ,1667876260
513,pohorelice,48.9812,16.5245,7.37,97,75,1.17,CZ,1667876260
514,nanortalik,60.1432,-45.2371,-2.18,87,100,1.75,GL,1667875605
515,bonthe,7.5264,-12.505,25.6,84,98,1.89,SL,1667876261
516,manokwari,-0.8667,134.0833,27.51,81,96,3.32,ID,1667875757
517,petropavlovsk-kamchatskiy,53.0452,158.6483,1.33,64,75,2.0,RU,1667875854
518,shenjiamen,29.9576,122.298,19.4,66,0,4.33,CN,1667875455
519,matina,10.0761,-83.2895,24.25,91,100,1.19,CR,1667876262
520,yeniseysk,58.4497,92.1703,-5.55,91,99,1.85,RU,1667875822
521,lugovoy,42.9472,72.7644,4.35,93,100,2.34,KZ,1667876262
522,tikri,29.2333,77.35,22.13,64,3,1.92,IN,1667876263
523,fare,-16.7,-151.0167,25.85,76,11,3.58,PF,1667876263
524,boguchany,58.3814,97.4531,-4.93,84,95,3.01,RU,1667876264
525,farafangana,-22.8167,47.8333,22.75,85,88,3.75,MG,1667876264
526,lorengau,-2.0226,147.2712,28.94,74,100,2.8,PG,1667875485
527,nichlaul,27.3167,83.7333,22.65,66,100,1.36,IN,1667876265
528,turtas,58.9417,69.1325,-3.46,89,94,4.06,RU,1667876265
529,anadyr,64.75,177.4833,-2.72,92,75,8.0,RU,1667875849
530,tobermory,45.2501,-81.6665,6.13,68,17,9.68,CA,1667876266
531,kantilo,20.35,85.1833,25.28,65,13,0.9,IN,1667876266
532,coihueco,-36.6167,-71.8333,16.41,67,0,3.09,CL,1667876267
533,benghazi,32.1167,20.0667,20.91,68,7,5.53,LY,1667876214
534,miranda,3.2499,-76.2281,21.07,96,98,1.02,CO,1667876194
535,tambopata,-12.7333,-69.1833,23.65,55,64,1.04,PE,1667876268
536,ashford,51.1459,0.8728,15.72,82,82,4.92,GB,1667876268
537,denpasar,-8.65,115.2167,28.81,79,40,3.09,ID,1667876181
538,iisalmi,63.5592,27.1907,3.67,98,100,1.93,FI,1667876269
539,orotukan,62.2667,151.7,-17.6,90,76,0.58,RU,1667876269
540,pakruojis,55.9667,23.8667,7.44,88,96,5.84,LT,1667876269
541,brest,52.1,23.7,5.75,92,47,3.3,BY,1667876152
542,batagay,67.6333,134.6333,-19.15,94,100,1.43,RU,1667875722
543,peque,7.0212,-75.9093,18.67,98,100,0.51,CO,1667876271
